chamber,congress,year,party.mean.diff.d1,prop.moderate.d1,overlap
House,105,1997,19308308.000000,19308308.000000,19308308.000000
Senate,105,1997,19308308.000000,19308308.000000,19308308.000000
House,106,1999,19308308.000000,19308308.000000,19308308.000000
Senate,106,1999,19308308.000000,19308308.000000,19308308.000000
House,107,2001,19308308.000000,19308308.000000,19308308.000000
Senate,107,2001,19308308.000000,19308308.000000,19308308.000000
